address,chain,role
0x00336a53463f6b6201e726cabf550409140d53a3,polygon,active
0x01ea11265358e19b6b63e2979b02a7a76c85c21d,polygon,active
0x02a86f51aa7b8b1c17c30364748d5ae4a0727e23,polygon,active
0x03a8e14436594fa0b28ef1e3416bd9bec5860fc9,polygon,active
0x0464f6716c41eed9c58e32911ebee7d69b97c5e2,polygon,active
0x06a1ad7b654bf64ab42a43446dbc49b8a4d32065,polygon,active
0x07ecc3f77c9ade331c030bd465fa265d02c68025,polygon,active
0x0b49b3a41283bb78ebac770e7d31473b80ba5193,polygon,active
0x0df02a938e01373f6366ff8d390d11fc4a5f72e7,polygon,active
0x13f623368bb9a5b9e98fc34a25c657f6572bfeab,polygon,active
0x143dcc9459a2979e86ef35ee452d4a6bf610f5f7,polygon,active
0x150a0d11226ca9998a94302ad683eb9910909817,polygon,active
0x166716c2838e182d64886135a96f1aabca9a9756,polygon,active
0x174ad89d25455320052d9b857a04b88d2ef4a9bb,polygon,active
0x1931ed9e22bed330f19195e4b8359f9a8b317e78,polygon,active
0x1942a6a132bf778a765eeb21eb0229633281c3f5,polygon,active
0x1969559f2180ed6f4b2a3a7a31f532d1913654e2,polygon,active
0x1969fc5e6d78e319a397ccae335385c1913654e2,polygon,active
0x19a87a918592814cda678abbe5e448821ed12782,polygon,active
0x1bf302014f5c53bc23232226ff5b72cc23485cda,polygon,active
0x1cd607edb105c934e98e45885f6326cbf59900d2,polygon,active
0x1f18d6353c33c2f30c19f8ba94ef1d26fd67c25b,polygon,active
0x1f8b80896cf186a2fee11ac39c080fb87a5b4a67,polygon,active
0x1fda7298b6b0d528b5001d53c28eab94c1c27b1a,polygon,active
0x20d8f47c17cd3231d22845d57bc2da88fc987f33,polygon,active
0x21ffd6c637d74c134e30cdb1d822a3f3192000d2,polygon,active
0x2523f736f619f7c743150a80c55172088c21db41,polygon,active
0x2757ca43a667b9a298d03462dee8dea80d0f6f61,polygon,active
0x29273a841cff7f89b0904d96ddcf62e280595d19,polygon,active
0x2fa57131f06e14907c1e59dcda05e8bd214a4e1a,polygon,active
0x31029f90ddd9cfc88760506376df980384bd364a,polygon,active
0x338a16f628e5f475a30cf3e4fa0ff0d6162cc5ca,polygon,active
0x356f4b00414f3f1d73a4402b20569ea732ba882a,polygon,active
0x357b435c2a0c71aea1a3fe9a65c47e04863e2990,polygon,active
0x35b7ba02bcce9258f69b59d73df456408843c8fe,polygon,active
0x365b9668031c2446fdb74dcb6ced8c314f96bd6d,polygon,active
0x367e7878be341a981c7c0cffa09645a68aacd812,polygon,active
0x36bb6eb9f6cc903a6dabc48d00210cf0f3c12eb1,polygon,active
0x3cb38b27a6ae9199523e1753f03821b0a4e56cc1,polygon,active
0x3e9e361fcb9ec55fd18486fb9ade4b2fce9dff69,polygon,active
0x40485dbfa5be2111be8fcf89caa023633fe4a4c0,polygon,active
0x43982db0a4995a5714570f94636530ad58ddb655,polygon,active
0x44d0229d1d0a1980da2266118521744a28f7abc0,polygon,active
0x46909b7ea874f491dd99ddd68aab3ff8f91d5678,polygon,active
0x47a3bfbfe44e497a1d624fd59ff229fabed42489,polygon,active
0x48bf49b86aefa2d1c8090ea5e012842c098dd2c4,polygon,active
0x49c54fd3675489efaf7cf58e08f843bf025b975c,polygon,active
0x4d111606004b7dbc422ef6f2a12fbab93c730e02,polygon,active
0x530f0449a0862264ed3ca1f3a30c97d520ed7f79,polygon,active
0x541f12f2466afecf6f3eb0c6ed768ca0247400c0,polygon,active
0x55c4c338b02bbf5270b7e26a14f0ee55a0c08b8a,polygon,active
0x58593a70583798e96fc9c977923649481d39c8bc,polygon,active
0x58c0491aa9d68ad3e235059b82f6a7b1a3af0948,polygon,active
0x5bda8bba92c28160723041a5f3ede8b9254aa39c,polygon,active
0x5cd013c409d98efeb083a161b4cc11c163083b72,polygon,active
0x62426c4efd3274b7c788ac6661ce68babc5a6414,polygon,active
0x63a3a81bf13f0c59a652c2d459da52364a781e88,polygon,active
0x642a285daa8b2831ebc9a0dd0967a404e21abe93,polygon,active
0x64705a9c648b6c1e05fb18395a2c16e59aef69ef,polygon,active
0x6559f2cfb239e2167c8897b61b482d0df1ebf547,polygon,active
0x66dbff2ce099d19b4e8c5dc8b254ec7aeaf5e642,polygon,active
0x67ea89784f6730fdc9a6c67927826d17100827c3,polygon,active
0x6892e2d9621f9929a49417922489135b1f385827,polygon,active
0x6bb8711ec07f7d0e99646f0fefe5f7635212add2,polygon,active
0x6be28b6fbb10ee5dc23e978eeede30ef7983f34d,polygon,active
0x76571ac44187efc1ff3599b65eb4e8b265b1b5b8,polygon,active
0x768408f252d4ea905e5d4225f4b29faaba651579,polygon,active
0x78420b81c370f83d85a0b724d5ad95dbf39659ae,polygon,active
0x78c9010fe8ae19e3b90d96402b02725d234800cf,polygon,active
0x7aaf8cef71d4c9217acff380746f568e30bfe2ea,polygon,active
0x7b89826d8f86a53a976e68abacd888319507bf64,polygon,active
0x7b8a6ca3316f72194e876eeb5500fd14ab461e98,polygon,active
0x7db63fe6d62eb73fb01f8009416f4c2bb4fbda6a,polygon,active
0x81ddaf1ec91ca90aae49a8514e24803724289c49,polygon,active
0x861da39364865140dcaeca9d0db5a5fbf51b63f1,polygon,active
0x86a36144c2fcac1dacb5c115277852abe0535b3f,polygon,active
0x88d5a28916c9a38866746e7773e60b94a22843ad,polygon,active
0x89a2bdd31ef8f9678110bb9a764ea14f33bbf5e8,polygon,active
0x8af738e54752f9661afc154da5ec2b3ab2c6b978,polygon,active
0x8dd193d896bb3fa6b782cb794c92ef1766145f71,polygon,active
0x904afd032a972c81d0e17ea6723fcfaa87cc50a1,polygon,active
0x9071c7c588740ea5fc0b1aeef9a8eef4b905b22e,polygon,active
0x97b894fca846e91ef8392e74cf1ceeccfcd8d1eb,polygon,active
0x99080fa25edc636ea3a6661d4c1d5be1a48d6364,polygon,active
0x9b5f5ed3614c295699ea02a70b6196bfe4eda15d,polygon,active
0x9d3e61542228d23e5dc03b41e01c69a99c850cb0,polygon,active
0x9f75231fbbc2262036a0fd029c06235d897b8e7b,polygon,active
0xa1db98447420551b4db47cacd35a34f0998fbbd4,polygon,active
0xa2ac8ca66e5a228ce618e15728c93a645ca90cf4,polygon,active
0xa58a463b87d77f8d4c3926c71542bd7816ce3ab3,polygon,active
0xa75ae1f849b7f6732ee9cee29c8aeebd4581d201,polygon,active
0xa824e0bfec023c02570ce6c762430cabf6f0301d,polygon,active
0xabd088c87d384d3685c77c2e5880fd7b1d4661c0,polygon,active
0xac274c07174f523cb4eeeab32c849b25bd57f7a3,polygon,active
0xacff32f36054e039003c7925f7834360531f1f9a,polygon,active
0xb3487190e4e90eb8e8dc3b31498e1263b83b390e,polygon,active
0xb41eea1fd2ca3827d85e2c91400bfd875c7d4e1c,polygon,active
0xb567afa89f4c961682588fa09d9a6193beb641ff,polygon,active
0xb6f7cf2889c22c077cd42fb5f105e39e6d8ffc72,polygon,active
0xb9d10614ecfde1d85d3c33c5215e488fab0cfd65,polygon,active
0xba45d094701bccc372c6e3d5ca5f1ca86240de3b,polygon,active
0xbc2b6b357e11a5b25987e3a923256fd6c5ab1ba9,polygon,active
0xbe3acac6bb946fdef61f155bc0fab5a01aaf5da3,polygon,active
0xbed5b3bc2d0d63a853cffc4c16508f06b2254698,polygon,active
0xbf3396ebec7db096eef41be1834e3705a8cc5921,polygon,active
0xc2121011cf8ad0a3689fc3f2eb6001d9e5a4ff48,polygon,active
0xc35dbe7d9e0a52ef159408dd7ae5f925ac6b6f39,polygon,active
0xc5f09a20f6270bb0e39efe1b68d3d93331e09929,polygon,active
0xc7d620940312a60237e3bb96d775f06797814e45,polygon,active
0xc8ede55d5e7d7e869c91dd05e55730b86bbd1d15,polygon,active
0xcbd48cc9c6c9272dc4008c52f6e4f326ddd88832,polygon,active
0xcd259f51ddfc13bffe0ccf5501a8cfd2765affbc,polygon,active
0xcdbcd8a67954ca5185cb0eb30b29c8d385ebee92,polygon,active
0xcddb9148a424139339957c6d47130c8fb832c64c,polygon,active
0xce016a47b9c85bebee354056b03d73133c4e8f6f,polygon,active
0xce2b6c44cd4b25209a0831be7ff4d4e2c0f73298,polygon,active
0xcf7f5083a0fcd7a3eba791514e6f8fae1b73f26a,polygon,active
0xd21ee7fe36e0ed001e611a1ae980e2add0f40d3f,polygon,active
0xd2add5493c7987995a472dbf90513d6d8f0d2367,polygon,active
0xd37212b9f2d4ca324a18ce2a85924cf75e27dc7b,polygon,active
0xd4810b8fd67d6c08d8034ddaa36a37913031262e,polygon,active
0xd4b183830672754f9668fedd0547fc79be1eba82,polygon,active
0xd57e1f7a2eb0a6be0a2ea08256a26ac96d5d4747,polygon,active
0xd8bc755d4e240be4348266516ea2db80172387c8,polygon,active
0xd90ede33043f26859adb1dcbd79d45eb125d1ab3,polygon,active
0xda7f6906c9b6917762b8a35862f113ae9426017f,polygon,active
0xdad81e26cc7e675b1041950ccbde9377977bd199,polygon,active
0xdc7f40a3244ca87d82c065204360b9fb5ba65069,polygon,active
0xddafac1c6aaab70d25dcc31a6947f6095c6a5b3d,polygon,active
0xe1b9bce43e60ad253ffe72c44ebfe1de4a334e71,polygon,active
0xe672e75b6e824cda8e66c4b0bfce0668803cfac0,polygon,active
0xe68099919f2637393a47143b69b9997b88d3e0b9,polygon,active
0xe75b88f092108b8cba4ca76a5ac6d5d3d44f5075,polygon,active
0xe75bd182739fb850cd37ab0892806fc3d44f5075,polygon,active
0xe75f8b408f7d2aa1e800479f52947c6a1b76c075,polygon,active
0xe93cbec0c5509b75c1aabdbe01f95966b2293ee2,polygon,active
0xe96de8a0912511422aba5d7d82b03ae4c5ca0b9b,polygon,active
0xecd2a14fd37009bfaa064242c6d435ecd0c8f826,polygon,active
0xefa5d8a0d4687fa95e7ea4f165b9fb92fbaee72f,polygon,active
0xf47bfefe39ef77c4301670c7831026b0cd61418e,polygon,active
0xf4a4eafcace1f4c803392adf079e8f3a0d943a1d,polygon,active
0xf615551896cb46748d6c7c085a626b2995be19a6,polygon,active
0xf80c7472c56f1e757a8516b913db86960a744cdd,polygon,active
0xfba870d5b942b6fdb4e8986aec26c9ab6e33f364,polygon,active
0xfccdd504d6d9fe7d7ef5238d16558c065f72603e,polygon,active
0xfec5c9a2969fa93aedddf7329f18e70c4f9af604,polygon,active
